planner_type,traj_id,plan_time_ms,traj_length_m,duration_s,max_speed,max_curvature,iterations,success,curv_smoothness
teb,1,115.51,47.72,30.73,2.0,42.6931,266,1,4494.515
teb,3,0.0,0.0,0.11,0.0,0.0,0,0,0.0
minco,1,0.0000,7.6657,6.4836,1.4011,0.0000,15,1
minco,2,1.0000,7.2697,5.4330,1.3959,0.0000,10,1
minco,3,2.0000,7.6235,5.6122,1.3919,0.0009,47,1
minco,4,0.0000,6.1735,4.4815,1.4109,0.4124,17,1
minco,5,17.0000,7.7548,5.6454,1.4223,0.9701,18,1
minco,6,6.0000,7.8931,6.5160,1.4940,3.6431,8,1
minco,7,5.0000,8.0053,5.8104,1.4225,0.6823,45,1
minco,8,2.0000,8.0701,5.8514,1.4390,0.5632,17,1
minco,9,7.0000,8.1491,5.9592,1.4304,0.8080,35,1
minco,10,3.0000,8.0212,5.8791,1.4663,1.2566,11,1
minco,11,1.0000,7.4338,5.3883,1.4061,0.2800,6,1
minco,12,0.0000,8.1841,6.0062,1.4600,0.8803,8,1
minco,13,6.0000,8.6706,6.4023,1.4366,1.2620,158,1
minco,14,3.0000,8.1921,5.9740,1.4236,0.9577,8,1
minco,15,2.0000,8.4238,6.2949,1.4475,0.6881,46,1
minco,16,3.0000,8.8194,6.5006,1.4272,1.1472,19,1
minco,17,1.0000,8.6290,6.3435,1.4421,1.1231,26,1
minco,18,0.0000,7.7810,5.7460,1.3843,1.0567,6,1
minco,19,0.0000,7.3154,5.3630,1.3915,0.4177,7,1
minco,20,7.0000,8.1088,5.9670,1.3935,0.6007,157,1
minco,21,1.0000,7.3941,5.4500,1.4026,0.9881,17,1
minco,22,2.0000,8.3797,6.1617,1.4226,0.7176,44,1
minco,23,0.0000,8.5060,6.2298,1.4532,0.8263,14,1
minco,24,7.0000,8.0330,5.9001,1.4437,1.2014,41,1
minco,25,1.0000,7.9139,5.8419,1.3773,0.4715,30,1
minco,26,0.0000,6.3730,4.6945,1.3828,0.4394,7,1
minco,27,7.0000,8.7477,6.5724,1.3950,1.2643,54,1
minco,28,2.0000,8.4963,6.2385,1.4201,0.6379,44,1
minco,29,1.0000,8.0566,5.9034,1.3872,0.4176,7,1
minco,30,8.0000,7.7809,5.6944,1.4132,0.5073,16,1
minco,31,6.0000,7.9513,5.8405,1.4091,0.8239,28,1
minco,32,7.0000,7.9136,5.9382,1.4016,0.7315,142,1
minco,33,1.0000,8.2498,6.2762,1.4502,0.9294,29,1
minco,34,1.0000,7.9453,6.0601,1.4017,0.8121,15,1
minco,35,4.0000,7.5418,6.3006,1.4482,0.9731,87,1
minco,36,1.0000,5.3219,4.3427,1.4168,0.4595,24,1
minco,37,0.0000,3.8041,3.2466,1.4329,0.2632,6,1
minco,38,0.0000,2.2799,2.1341,1.4254,0.1489,7,1
minco,39,1.0000,6.4710,5.2998,1.4264,0.0000,25,1
minco,40,1.0000,7.8678,5.7334,1.4099,0.4287,42,1
minco,41,1.0000,6.9590,5.1525,1.4023,0.8296,25,1
minco,42,3.0000,7.8811,5.8178,1.4725,1.5950,69,1
minco,43,3.0000,7.8656,5.7016,1.4348,1.0129,9,1
minco,44,1.0000,8.5943,6.3051,1.4316,0.8922,34,1
minco,45,3.0000,8.1024,5.9302,1.4913,2.9623,24,1
minco,46,1.0000,6.6334,4.9924,1.4853,3.8684,24,1
minco,47,2.0000,9.1417,6.8766,1.4589,1.7021,26,1
minco,48,1.0000,7.9503,6.0339,1.4037,0.9633,9,1
minco,49,1.0000,8.5907,6.2984,1.4122,0.6215,32,1
minco,50,1.0000,8.1439,5.9915,1.4087,0.5857,6,1
minco,51,1.0000,7.3366,5.3873,1.3843,0.5118,7,1
minco,52,6.0000,7.8971,5.7527,1.4857,1.6095,22,1
minco,53,2.0000,7.8796,5.6847,1.5068,1.0171,16,1
minco,54,2.0000,7.8459,5.7345,1.4289,0.6162,40,1
minco,55,2.0000,8.0539,5.8601,1.4320,0.7223,27,1
minco,56,3.0000,7.7876,5.7088,1.4244,0.7736,12,1
minco,57,0.0000,6.6244,4.8626,1.4147,0.4678,6,1
minco,58,2.0000,9.7309,7.1068,1.4543,1.6735,23,1
minco,59,3.0000,7.7556,5.6201,1.4538,0.4979,56,1
minco,60,2.0000,7.9655,6.0111,1.4707,0.8709,34,1
minco,61,1.0000,8.4964,6.1831,1.4701,1.5564,10,1
minco,62,2.0000,9.0336,6.7622,1.4244,1.4138,36,1
minco,63,3.0000,8.2781,6.0462,1.4266,0.5066,40,1
minco,64,2.0000,7.5595,5.4596,1.4285,0.7893,10,1
minco,65,2.0000,6.1937,4.5608,1.4144,0.5955,14,1
minco,66,2.0000,8.1544,6.4415,1.4556,2.0893,12,1
minco,67,2.0000,8.5395,6.6877,1.4437,1.0069,8,1
minco,1,1.0000,6.4341,5.9907,1.4352,0.0000,19,1
minco,2,1.0000,6.4341,5.9907,1.4352,0.0000,19,1
minco,3,0.0000,4.9080,4.0244,1.4334,0.0000,12,1
minco,4,1.0000,3.3931,2.9211,1.4143,0.0000,7,1
minco,5,3.0000,7.8766,6.4744,1.4308,1.4634,63,1
minco,6,2.0000,7.8757,6.4746,1.4315,1.3625,63,1
minco,7,3.0000,8.3402,6.5735,1.4631,23.2838,38,1
minco,8,1.0000,7.9289,6.2474,1.4748,13.0004,17,1
minco,9,0.0000,9.2157,6.7078,1.4553,0.8203,15,1
minco,10,1.0000,8.7590,6.4460,1.4381,0.9590,32,1
minco,11,1.0000,8.3764,6.1568,1.4290,1.0387,7,1
minco,12,2.0000,8.3224,6.1223,1.4356,1.0375,8,1
minco,13,3.0000,7.8776,5.7902,1.4335,0.5493,64,1
minco,14,1.0000,7.9672,5.7975,1.4405,0.5685,9,1
minco,15,1.0000,7.0819,5.2875,1.3873,0.3737,7,1
minco,16,2.0000,8.0804,6.5543,1.4177,1.0441,47,1
minco,17,0.0000,8.0389,6.1713,1.4185,1.1250,28,1
minco,18,1.0000,7.5593,6.1184,1.4575,1.7034,10,1
minco,19,1.0000,6.0951,4.8789,1.4756,1.4658,13,1
minco,20,2.0000,5.3356,4.8524,1.4749,0.9114,30,1
minco,21,2.0000,5.6335,4.5941,1.4445,0.8890,14,1
minco,22,2.0000,6.2840,5.2631,1.4425,1.0140,37,1
minco,23,0.0000,4.0027,3.7367,1.4461,1.2177,30,1
minco,24,1.0000,4.0180,3.9823,1.4583,4.1817,25,1
minco,25,1.0000,3.9859,3.6799,1.5535,0.7544,9,1
minco,26,1.0000,4.1464,3.4982,1.4335,2.8920,40,1
minco,27,1.0000,3.8460,3.2481,1.4595,1.2716,33,1
minco,28,1.0000,3.8089,3.2535,1.4753,0.8316,16,1
minco,29,0.0000,3.7890,3.3562,1.4489,1.6425,37,1
minco,30,1.0000,3.7515,3.3161,1.5086,1.1270,10,1
minco,31,1.0000,3.6513,3.3420,1.4121,1.6680,30,1
minco,32,1.0000,4.0563,3.3888,1.4386,1.5815,22,1
minco,33,1.0000,3.3525,3.3687,1.4591,1.1145,53,1
minco,35,1.0000,4.3580,4.4171,1.4862,29.0975,12,1
minco,36,2.0000,3.7972,3.6854,1.4904,23.7943,30,1
minco,37,1.0000,3.7206,3.9307,1.5078,85.2316,50,1
minco,38,0.0000,4.0053,4.0581,1.5231,18.3427,9,1
minco,39,1.0000,3.4120,3.5153,1.4623,18.0576,42,1
minco,40,1.0000,3.7293,3.4241,1.4681,11.3256,32,1
minco,41,1.0000,3.7129,3.3677,1.5175,6.0865,34,1
minco,42,0.0000,3.3949,3.1988,1.4799,3.7365,18,1
minco,43,0.0000,3.6872,3.7050,1.4590,3.9169,30,1
minco,44,1.0000,3.4843,3.5766,1.4972,4.4460,53,1
minco,45,1.0000,3.8662,3.6564,1.4981,3.9558,22,1
minco,46,1.0000,3.5169,3.5710,1.4531,2.5768,78,1
minco,47,1.0000,3.4242,3.4507,1.4881,2.4330,46,1
minco,48,3.0000,3.6252,3.4377,1.4860,1.9144,69,1
minco,49,1.0000,3.3778,3.1450,1.5413,1.9488,8,1
minco,50,0.0000,3.3757,3.3451,1.4592,1.1641,64,1
minco,51,3.0000,3.3255,3.2873,1.4670,1.1760,91,1
minco,52,1.0000,3.4497,3.2544,1.4867,1.2807,55,1
minco,53,2.0000,3.2626,3.1528,1.5120,0.9253,101,1
minco,54,1.0000,3.3890,3.1536,1.4982,1.1175,53,1
minco,55,0.0000,3.4055,3.0808,1.5489,3.8893,10,1
minco,56,0.0000,3.2496,3.1178,1.4913,0.9993,48,1
minco,57,1.0000,3.2700,3.0371,1.5081,1.1463,65,1
minco,59,1.0000,3.6034,3.6744,1.4836,30.2175,12,1
minco,60,0.0000,3.6034,3.6744,1.4836,30.2175,12,1
minco,61,0.0000,2.8615,3.2809,1.5689,4.4098,47,1
minco,62,1.0000,2.9543,3.3049,1.5289,93.3713,46,1
minco,63,1.0000,3.2732,3.3233,1.4938,30.2816,11,1
minco,64,1.0000,3.0977,3.3788,1.4848,16.7407,40,1
minco,65,1.0000,3.1807,3.2334,1.5141,11.3826,54,1
minco,66,1.0000,3.3479,3.2083,1.5166,5.4249,59,1
minco,67,1.0000,3.2421,3.1453,1.5204,1.7248,54,1
minco,68,1.0000,3.3537,3.1997,1.4779,1.5093,48,1
minco,69,0.0000,3.3065,3.1565,1.4729,1.3424,65,1
minco,70,1.0000,3.3209,3.0752,1.4970,1.4942,75,1
minco,71,2.0000,3.3103,3.0618,1.4998,1.2775,75,1
minco,72,1.0000,3.2357,2.9342,1.5300,1.4045,64,1
minco,73,1.0000,3.2530,3.0146,1.4918,1.2137,75,1
minco,74,2.0000,3.1828,2.9461,1.5025,1.2852,69,1
minco,75,1.0000,2.7697,2.8432,1.5076,2.4247,10,1
minco,76,2.0000,2.7034,2.8185,1.4884,3.1204,15,1
minco,77,0.0000,2.6593,2.7677,1.4910,2.2819,63,1
minco,78,1.0000,2.6560,2.7451,1.4901,1.5062,56,1
minco,79,1.0000,2.6391,2.7025,1.4867,1.2099,71,1
minco,80,1.0000,2.6271,2.6377,1.5029,1.0507,59,1
minco,81,0.0000,2.5868,2.5710,1.5050,1.1012,81,1
minco,82,2.0000,2.5385,2.5610,1.4844,0.9896,71,1
minco,83,1.0000,2.4587,2.4485,1.5280,1.3197,48,1
minco,84,2.0000,2.5023,2.4243,1.5166,1.2978,40,1
minco,1,1.0000,7.5127,6.1539,1.4095,0.0000,20,1
minco,2,0.0000,7.1363,5.2802,1.3915,0.0000,7,1
minco,3,3.0000,8.0830,5.9464,1.3997,0.4826,33,1
minco,4,2.0000,8.1808,6.0226,1.4361,0.6712,22,1
minco,5,2.0000,7.9321,5.6641,1.4904,1.0508,33,1
minco,6,2.0000,8.1654,5.8995,1.4922,0.7438,13,1
minco,7,8.0000,8.0514,5.9584,1.4197,0.6652,42,1
minco,8,10.0000,7.8619,5.7127,1.4532,0.4705,38,1
minco,9,4.0000,8.0383,5.8537,1.4493,0.9073,33,1
minco,10,4.0000,8.1156,5.9352,1.4698,1.0261,27,1
minco,11,3.0000,9.3087,6.8493,1.4691,1.0276,25,1
minco,12,1.0000,8.6623,6.4192,1.4370,1.0041,34,1
minco,13,5.0000,8.0037,5.8291,1.4966,0.8443,18,1
minco,14,4.0000,7.8273,5.6208,1.4750,0.4337,26,1
minco,15,3.0000,7.9540,5.7157,1.5062,0.8871,19,1
minco,16,1.0000,7.8392,5.7493,1.4379,0.6606,37,1
minco,17,2.0000,6.8383,5.0192,1.3908,0.5475,29,1
minco,18,7.0000,11.3717,8.9005,1.3750,7.9941,118,1
minco,19,0.0000,6.7240,4.9483,1.3762,0.2305,6,1
minco,20,7.0000,7.7803,5.6913,1.4039,0.3746,9,1
minco,21,1.0000,7.9453,5.8425,1.4196,0.7191,7,1
minco,22,0.0000,7.8071,6.0107,1.3758,0.5182,15,1
minco,23,1.0000,7.4055,5.4554,1.3870,0.5240,30,1
minco,24,1.0000,5.8799,4.3351,1.3933,0.5129,7,1
minco,25,7.0000,8.7235,7.8589,1.3989,45.7138,46,1
minco,26,0.0000,8.3928,6.1775,1.4357,1.0918,15,1
minco,27,0.0000,7.0517,5.1883,1.4018,1.0672,11,1
minco,28,10.0000,8.0867,5.9447,1.3981,0.8413,38,1
minco,29,4.0000,7.9668,5.9599,1.4146,0.7596,39,1
minco,30,9.0000,7.9672,5.8440,1.4468,0.5850,7,1
minco,31,1.0000,7.7874,5.8427,1.4367,0.8212,21,1
minco,32,5.0000,7.7097,6.5529,1.4412,0.7709,64,1
minco,33,1.0000,6.1447,5.0538,1.4262,0.6432,13,1
minco,34,1.0000,4.5784,3.8081,1.4075,0.3389,7,1
minco,35,1.0000,3.0532,2.6569,1.4058,0.0788,7,1
minco,1,1.0000,7.6379,6.4264,1.3975,0.0000,21,1
minco,2,1.0000,7.6758,5.6899,1.4040,0.3549,16,1
minco,3,4.0000,7.7694,5.6666,1.4178,0.4487,45,1
minco,4,3.0000,7.8135,5.7164,1.4662,1.0162,26,1
minco,5,2.0000,7.8328,5.7324,1.4988,1.5832,62,1
minco,6,1.0000,7.9823,5.8761,1.5237,1.8148,63,1
minco,8,4.0000,8.5703,6.8154,1.4698,6.8315,32,1
minco,9,0.0000,8.3758,6.1201,1.4291,0.8941,6,1
minco,10,3.0000,9.2449,6.8552,1.4202,0.9425,27,1
minco,11,0.0000,7.5967,5.6124,1.4030,0.9730,7,1
minco,12,4.0000,8.4457,6.1062,1.4439,0.5036,15,1
minco,13,1.0000,9.5514,6.9816,1.4030,0.6382,30,1
minco,14,3.0000,8.2503,6.1345,1.4125,1.0040,7,1
minco,15,2.0000,7.9329,5.7722,1.4127,0.9167,9,1
minco,16,1.0000,7.0507,5.1826,1.4041,0.6430,30,1
minco,17,1.0000,7.6633,5.6347,1.3806,0.1763,34,1
minco,18,3.0000,7.6331,6.0426,1.4175,0.1476,77,1
minco,19,2.0000,6.5950,5.0497,1.4133,0.9335,7,1
minco,20,2.0000,7.8998,5.6675,1.4565,1.0841,7,1
minco,21,0.0000,6.8712,5.0590,1.4069,0.5679,8,1
minco,22,0.0000,7.1732,5.2045,1.4123,0.3947,16,1
minco,23,4.0000,8.2279,5.9945,1.4438,0.4854,10,1
minco,24,1.0000,8.6615,6.4419,1.4154,1.0084,24,1
minco,25,5.0000,8.6762,6.2960,1.4207,1.5597,27,1
minco,26,1.0000,7.9662,5.8241,1.4262,1.1336,27,1
minco,27,4.0000,8.8361,6.4257,1.4243,1.0159,14,1
minco,28,2.0000,8.0573,5.8859,1.4205,0.5535,6,1
minco,29,2.0000,8.4615,6.3703,1.4355,0.7732,34,1
minco,30,3.0000,7.7303,5.8285,1.4429,0.6860,16,1
minco,31,1.0000,7.6766,6.3236,1.4465,0.7582,13,1
minco,1,2.0000,7.9245,6.3829,1.4367,9.5187,35,1
minco,2,3.0000,7.9245,6.3829,1.4367,9.5187,35,1
minco,3,1.0000,8.3792,6.0554,1.4421,0.6411,8,1
minco,4,2.0000,7.8445,5.8613,1.4568,1.4447,10,1
minco,5,1.0000,7.0068,5.0666,1.4841,0.9470,56,1
minco,7,5.0000,7.1292,5.6746,1.4295,1.1639,73,1
minco,8,2.0000,7.8356,6.5169,1.4091,0.5604,73,1
minco,9,3.0000,10.9159,8.1067,1.5155,3.9218,29,1
minco,10,1.0000,9.8513,7.8847,1.4958,16.2056,48,1
minco,11,0.0000,1.8673,1.8176,1.3958,2.1128,7,1
minco,1,1.0000,7.6429,6.4211,1.3998,0.0000,21,1
minco,2,6.0000,7.6108,5.6584,1.3802,0.0000,106,1
minco,3,6.0000,7.5917,5.5993,1.3806,0.0000,93,1
minco,4,1.0000,8.3765,7.3305,1.3934,0.0000,72,1
minco,5,1.0000,8.2798,6.1815,1.3813,1.2753,18,1
minco,6,3.0000,8.3926,6.1235,1.4347,0.8517,17,1
minco,7,8.0000,8.2155,6.0814,1.4037,0.5747,30,1
minco,8,1.0000,8.1887,6.0309,1.4154,0.9033,25,1
minco,9,9.0000,7.5985,5.5830,1.4071,0.4786,32,1
minco,10,5.0000,8.7995,6.5107,1.5366,1.6592,28,1
minco,11,3.0000,7.8979,5.9193,1.5105,1.4426,35,1
minco,12,1.0000,10.5555,7.9867,1.4906,2.1171,12,1
minco,13,5.0000,10.4848,7.6328,1.5226,1.0853,22,1
minco,14,0.0000,9.2234,6.7630,1.3842,0.6893,9,1
minco,15,3.0000,8.3737,6.2375,1.3918,0.5767,46,1
minco,16,1.0000,7.9380,5.8019,1.3883,0.4059,9,1
minco,17,0.0000,8.1313,6.1165,1.4030,1.8211,26,1
minco,18,2.0000,9.7772,7.1840,1.4343,1.0517,25,1
minco,19,4.0000,8.6923,6.3730,1.4000,0.6881,39,1
minco,20,0.0000,8.2444,6.0333,1.3890,0.3973,7,1
minco,21,0.0000,7.7688,6.2378,1.3662,0.4924,14,1
minco,22,3.0000,8.4277,6.1453,1.4911,0.8814,14,1
minco,23,2.0000,8.1138,5.9209,1.4345,0.5095,118,1
minco,24,3.0000,9.2317,6.9547,1.4692,1.4162,8,1
minco,25,2.0000,8.0921,6.0670,1.4308,0.9903,49,1
minco,26,2.0000,8.9632,6.4858,1.4815,0.6688,17,1
minco,27,3.0000,8.2861,6.0364,1.4644,0.9425,37,1
minco,28,3.0000,8.7710,6.3483,1.4835,1.0099,41,1
minco,29,3.0000,7.9931,6.1896,1.5027,1.5622,10,1
minco,30,2.0000,7.7555,5.7100,1.4472,0.8113,53,1
minco,31,1.0000,9.7765,7.2782,1.4124,0.9951,23,1
minco,32,2.0000,8.6806,6.3697,1.4164,0.7779,29,1
minco,33,0.0000,7.7879,5.6873,1.4098,0.8044,7,1
minco,34,3.0000,8.9465,6.5393,1.4642,0.7349,7,1
minco,35,2.0000,8.7542,6.4609,1.4218,0.7469,31,1
minco,36,2.0000,8.3890,6.2411,1.4183,0.6550,20,1
minco,37,2.0000,8.1231,6.1319,1.4055,0.3609,30,1
minco,38,5.0000,7.6372,6.3569,1.4387,0.7213,83,1
minco,39,1.0000,7.0036,5.6705,1.4239,1.4528,52,1
minco,40,1.0000,4.9430,4.0721,1.4075,1.2092,16,1
minco,41,1.0000,3.3672,2.8728,1.4142,0.8622,7,1
minco,1,1.0000,7.4934,6.3887,1.3953,0.0000,18,1
minco,2,1.0000,7.4934,6.3887,1.3953,0.0000,18,1
minco,3,0.0000,8.5137,6.4437,1.3967,0.7547,26,1
minco,4,3.0000,7.9328,5.8475,1.3888,0.5288,37,1
minco,5,2.0000,8.2399,6.0671,1.3986,0.7128,23,1
minco,6,1.0000,10.0278,7.8087,1.4282,7.7893,39,1
minco,7,1.0000,8.2221,6.0973,1.3785,1.2066,7,1
minco,8,3.0000,8.3002,6.1146,1.3861,0.5814,35,1
minco,9,2.0000,8.8053,6.5098,1.4018,0.8993,18,1
minco,10,4.0000,8.7161,6.3905,1.4004,1.0818,36,1
minco,11,1.0000,1.5644,1.5292,1.3799,0.0943,10,1
minco,1,5.0000,9.3927,7.9216,1.4837,10.5525,11,1
minco,2,4.0000,9.3518,7.6545,1.4655,10.2428,13,1
minco,3,5.0000,9.7138,7.5425,1.4375,1.1492,45,1
minco,4,3.0000,8.8184,6.5376,1.4375,0.5505,31,1
minco,5,1.0000,8.3629,6.1836,1.4195,0.9172,14,1
minco,6,2.0000,8.5251,6.4335,1.4201,1.1718,14,1
minco,7,4.0000,7.9876,5.8280,1.4513,0.6468,6,1
minco,8,3.0000,7.9510,5.7965,1.4364,0.5147,59,1
minco,9,4.0000,8.0295,5.8860,1.4266,0.6147,48,1
minco,10,1.0000,8.2708,6.0297,1.4351,0.6169,13,1
minco,11,2.0000,9.0668,6.6816,1.3990,0.5168,29,1
minco,12,0.0000,8.6048,6.3429,1.3752,0.4378,7,1
minco,13,1.0000,8.1721,6.0303,1.3830,0.4608,7,1
minco,14,2.0000,7.7446,5.7056,1.3803,0.4430,22,1
minco,15,0.0000,7.6201,5.5447,1.4099,0.3180,12,1
minco,16,2.0000,9.1243,6.9141,1.4257,1.4272,28,1
minco,17,2.0000,8.4578,6.1899,1.4192,0.8325,30,1
minco,18,2.0000,8.6690,6.5437,1.4314,1.3343,12,1
minco,19,3.0000,7.8447,5.9268,1.4263,0.8118,8,1
minco,20,0.0000,8.5918,6.2670,1.4220,0.7531,21,1
minco,21,4.0000,9.0342,6.9241,1.4179,2.0682,23,1
minco,22,2.0000,7.9528,5.9380,1.4005,1.4541,8,1
minco,23,3.0000,7.8279,5.7436,1.4469,0.8606,16,1
minco,24,3.0000,8.1080,6.0202,1.4222,0.7596,41,1
minco,25,2.0000,8.0667,5.8699,1.4354,0.9207,8,1
minco,26,3.0000,8.0241,5.8495,1.4246,0.7224,18,1
minco,27,0.0000,7.9776,5.8358,1.4863,0.5228,14,1
minco,28,2.0000,7.7275,5.7838,1.4019,0.5298,40,1
minco,29,2.0000,7.5621,5.7922,1.3898,0.1815,30,1
minco,30,1.0000,6.5971,5.4128,1.4167,0.0260,26,1
minco,31,0.0000,5.0787,4.2261,1.4100,0.0043,7,1
minco,32,0.0000,3.5566,3.0667,1.4139,0.0015,7,1
minco,33,0.0000,2.0385,1.9486,1.3993,0.0009,7,1
minco,34,1.0000,7.6597,5.6979,1.3785,0.1314,39,1
minco,35,1.0000,7.5548,5.5859,1.3770,0.0414,38,1
minco,36,1.0000,7.5156,5.6983,1.3662,0.0434,16,1
minco,37,4.0000,8.1000,5.9012,1.4299,0.6472,41,1
minco,38,1.0000,8.5942,6.4400,1.4447,1.5260,30,1
minco,39,4.0000,8.2548,6.1469,1.4302,0.6123,9,1
minco,40,3.0000,8.0048,5.8472,1.4166,0.6225,10,1
minco,41,3.0000,7.9678,5.8107,1.4111,0.4736,9,1
minco,42,3.0000,8.7526,6.8011,1.4187,1.7640,40,1
minco,43,4.0000,8.8223,6.6273,1.4258,0.9332,47,1
minco,44,2.0000,8.4431,6.5692,1.4097,1.6155,8,1
minco,45,4.0000,8.1538,6.0114,1.4181,0.8492,8,1
minco,46,1.0000,9.2870,6.8785,1.4704,0.8606,11,1
minco,47,3.0000,7.9964,5.8482,1.4535,1.0732,15,1
minco,48,3.0000,8.5718,6.3220,1.4603,1.0206,21,1
minco,49,1.0000,8.0695,5.9626,1.3902,0.7756,31,1
minco,50,1.0000,7.8665,5.8079,1.3737,0.4127,39,1
minco,51,1.0000,8.0170,5.9322,1.3898,0.5349,43,1
minco,52,1.0000,8.1709,6.0770,1.3975,0.6675,25,1
minco,53,4.0000,8.6438,6.4179,1.4171,0.6848,14,1
minco,54,0.0000,8.1935,6.1009,1.3944,0.5596,34,1
minco,55,5.0000,8.2103,6.1138,1.4141,0.6080,7,1
minco,56,1.0000,7.8356,5.7570,1.3914,0.2184,25,1
minco,57,2.0000,7.9408,5.8657,1.3878,0.5258,30,1
minco,58,4.0000,7.9164,5.9404,1.4313,0.6864,10,1
minco,59,4.0000,8.4080,6.6960,1.4835,1.1302,64,1
minco,60,3.0000,7.8796,5.7321,1.4622,0.7209,14,1
minco,61,2.0000,11.7938,9.3732,1.4867,27.7535,25,1
minco,62,3.0000,9.4948,6.9872,1.4282,0.9343,17,1
minco,63,3.0000,8.9545,6.8008,1.3915,1.6479,8,1
minco,64,2.0000,9.5280,7.1729,1.4356,1.2898,17,1
minco,65,4.0000,9.7176,7.8221,1.4208,3.7221,39,1
minco,66,2.0000,8.9423,6.7093,1.4378,1.5020,31,1
minco,67,0.0000,8.9401,7.3008,1.4624,14.0135,20,1
minco,68,5.0000,7.8602,5.9707,1.4840,1.6206,8,1
minco,69,0.0000,6.7647,5.5651,1.4199,0.4548,25,1
minco,70,0.0000,5.2199,4.3405,1.4108,0.1012,7,1
minco,71,1.0000,3.6950,3.1837,1.4145,0.0478,7,1
minco,72,0.0000,2.1710,2.0515,1.4111,0.0267,7,1
minco,1,0.0000,7.7996,6.2569,1.4138,0.0000,36,1
minco,2,3.0000,8.0294,5.9391,1.3876,0.4220,36,1
minco,3,2.0000,7.9406,5.9133,1.3988,0.9279,7,1
minco,4,2.0000,7.8559,5.7760,1.4166,0.8781,19,1
minco,5,2.0000,8.0044,5.8885,1.4520,1.0723,39,1
minco,6,3.0000,7.9194,5.8803,1.4019,0.7671,46,1
minco,7,4.0000,8.4289,6.2612,1.4520,1.2014,15,1
minco,8,1.0000,7.6062,5.5228,1.4372,0.7328,25,1
minco,9,1.0000,7.7228,5.7178,1.3774,0.0593,31,1
minco,10,5.0000,8.7697,6.4484,1.4546,0.7626,16,1
minco,11,3.0000,8.1558,5.9987,1.4253,0.6187,19,1
minco,12,1.0000,7.7196,5.7186,1.3738,0.4754,6,1
minco,13,2.0000,7.7759,5.7481,1.3835,0.6117,42,1
minco,14,1.0000,5.3344,4.5310,1.4193,0.6425,26,1
minco,15,0.0000,3.7677,3.2375,1.4098,0.2569,9,1
minco,16,0.0000,2.2448,2.1119,1.4142,0.0651,7,1
minco,1,3.0000,9.2716,7.7104,1.4584,23.7365,25,1
minco,2,3.0000,8.1770,5.9928,1.4551,0.9450,8,1
minco,3,1.0000,7.6954,5.6700,1.3824,0.3810,7,1
minco,4,4.0000,7.9299,5.9124,1.4082,0.7433,53,1
minco,5,3.0000,7.9159,5.8400,1.4125,0.3680,18,1
minco,6,3.0000,7.8133,5.9564,1.4355,0.4832,48,1
minco,7,8.0000,7.9236,6.8587,1.4102,0.9883,14,1
minco,8,0.0000,8.5240,6.8466,1.4253,0.7630,27,1
minco,9,3.0000,7.2105,5.9166,1.4289,1.1045,25,1
minco,10,1.0000,5.3584,4.5382,1.4150,1.5321,13,1
minco,11,0.0000,3.6122,3.1162,1.4104,0.3152,8,1
minco,12,0.0000,2.0947,1.9955,1.4027,0.1189,7,1
minco,13,1.0000,8.1202,6.5785,1.4321,6.3085,32,1
minco,14,2.0000,8.8443,6.6160,1.4384,0.8879,23,1
minco,15,4.0000,8.5481,6.2304,1.4083,0.7329,46,1
minco,16,2.0000,7.7899,5.6466,1.4322,0.6171,13,1
minco,17,3.0000,7.8942,5.7492,1.4272,0.3990,10,1
minco,18,5.0000,8.1027,5.9397,1.4364,1.5048,11,1
minco,19,1.0000,7.6102,5.5682,1.4161,0.5063,8,1
minco,20,5.0000,8.4693,6.5933,1.4171,2.3832,33,1
minco,21,1.0000,8.5010,6.2610,1.4881,1.4669,19,1
minco,22,2.0000,8.7379,6.6424,1.4711,1.1055,19,1
minco,23,4.0000,7.8584,5.8471,1.4573,1.8459,23,1
minco,24,5.0000,8.6856,6.7991,1.4327,1.9800,27,1
minco,25,1.0000,8.2240,6.0945,1.4296,0.9158,40,1
minco,26,1.0000,8.1188,5.9653,1.4227,0.7423,17,1
minco,27,2.0000,8.3576,6.1394,1.4208,0.5267,58,1
minco,28,0.0000,7.9795,5.9024,1.3709,0.5321,6,1
minco,29,1.0000,7.7953,5.7545,1.3710,0.2581,36,1
minco,30,0.0000,7.7448,5.7131,1.3710,0.1744,31,1
minco,31,1.0000,7.7017,5.6927,1.3665,0.1010,38,1
minco,32,2.0000,7.6638,5.6586,1.3692,0.0716,38,1
minco,33,1.0000,7.6295,5.5686,1.3923,0.0671,6,1
minco,34,0.0000,7.5567,5.5741,1.3740,0.0681,6,1
minco,35,0.0000,7.7978,5.7523,1.3721,0.0626,7,1
minco,36,0.0000,7.7237,5.6961,1.3737,0.0516,7,1
minco,37,0.0000,7.6631,5.6513,1.3719,0.0516,6,1
minco,38,1.0000,7.5851,5.5986,1.3732,0.0615,8,1
minco,39,0.0000,7.5273,5.5516,1.3718,0.0619,7,1
minco,40,1.0000,7.8252,5.7787,1.3720,0.0491,7,1
minco,41,1.0000,7.7734,5.7271,1.3722,0.0442,7,1
minco,42,1.0000,7.7154,5.6803,1.3717,0.0419,7,1
minco,43,1.0000,7.7884,5.7347,1.3934,0.6065,29,1
minco,44,2.0000,7.7319,5.7118,1.3677,0.4009,35,1
minco,45,2.0000,8.0259,5.9456,1.3950,0.7988,28,1
minco,46,1.0000,8.4887,6.2938,1.3897,0.5931,34,1
minco,47,3.0000,8.2231,6.1177,1.4235,1.2294,32,1
minco,48,3.0000,8.6935,6.4785,1.4593,1.0577,7,1
minco,49,2.0000,9.1331,6.7341,1.4586,1.1038,32,1
minco,50,3.0000,9.0717,7.0176,1.4550,27.8404,14,1
minco,51,1.0000,8.2607,6.0296,1.4451,0.6362,14,1
minco,52,0.0000,7.7608,5.7377,1.3908,0.4136,8,1
minco,53,0.0000,7.8019,5.7649,1.4233,0.5276,16,1
minco,54,1.0000,7.5768,6.6038,1.4231,0.3105,17,1
minco,55,1.0000,6.2823,5.1957,1.4014,0.0167,23,1
minco,56,0.0000,4.7550,3.9425,1.4024,0.0059,9,1
minco,57,1.0000,3.2322,2.8003,1.4043,0.0032,7,1
minco,58,0.0000,2.5009,2.3126,1.4182,0.3436,10,1
minco,1,1.0000,7.6903,6.4776,1.3945,0.0000,19,1
minco,2,2.0000,7.7065,5.6960,1.4204,0.1682,43,1
minco,3,5.0000,8.0563,6.4688,1.4411,1.1186,9,1
minco,4,5.0000,7.9089,5.9460,1.3999,1.0974,11,1
minco,5,3.0000,8.1344,5.9691,1.4058,0.5725,7,1
minco,6,3.0000,8.2547,6.6389,1.4323,2.5209,10,1
minco,7,6.0000,7.9845,6.0920,1.4020,1.2505,39,1
minco,8,3.0000,9.0718,6.6653,1.4835,0.8506,11,1
minco,9,2.0000,8.4236,6.1611,1.4476,0.8954,16,1
minco,10,2.0000,8.5238,6.2444,1.4154,0.6120,38,1
minco,11,1.0000,8.3551,6.1033,1.4082,0.6399,30,1
minco,12,3.0000,7.8938,5.8318,1.4060,0.4172,47,1
minco,13,1.0000,7.8262,6.8034,1.3950,0.4430,21,1
minco,14,2.0000,7.7774,5.7202,1.3923,0.1263,40,1
minco,15,2.0000,7.7371,5.7072,1.3784,0.0991,36,1
minco,16,0.0000,7.7062,5.6891,1.3719,0.1387,32,1
minco,17,1.0000,7.6776,5.6905,1.3673,0.0458,37,1
minco,18,2.0000,7.9056,5.8592,1.3894,0.6956,36,1
minco,19,1.0000,7.6604,5.6790,1.3718,0.3135,32,1
minco,20,2.0000,8.5998,6.4874,1.4636,1.2870,15,1
minco,21,1.0000,8.3991,6.1683,1.4411,0.8758,44,1
minco,22,2.0000,8.0763,5.9054,1.4149,0.8614,14,1
minco,23,1.0000,8.6245,6.2907,1.4355,0.7606,21,1
minco,24,1.0000,7.9967,5.8700,1.4171,0.8345,7,1
minco,25,3.0000,8.1265,6.1419,1.3929,1.2713,10,1
minco,26,1.0000,8.1908,6.0407,1.4175,0.7451,35,1
minco,27,2.0000,8.0225,5.9060,1.4172,0.3420,7,1
minco,28,2.0000,8.1168,6.0022,1.3832,0.9501,20,1
minco,29,2.0000,7.8336,5.6783,1.4288,0.4793,14,1
minco,30,1.0000,7.7163,5.9283,1.4264,0.4147,16,1
minco,31,3.0000,7.8611,6.0464,1.4092,0.4588,43,1
minco,32,1.0000,7.6419,5.8848,1.3942,0.4987,30,1
minco,33,1.0000,6.5791,5.4040,1.4236,0.0360,30,1
minco,34,0.0000,5.0562,4.1990,1.4043,0.0113,11,1
minco,35,0.0000,3.5335,3.0644,1.4016,0.0057,8,1
minco,36,0.0000,2.0114,1.9583,1.3853,0.0048,7,1
minco,37,0.0000,7.6988,6.4256,1.3824,0.0267,18,1
minco,38,1.0000,7.9471,5.8957,1.4074,0.4561,42,1
minco,39,1.0000,8.5827,6.3650,1.4086,0.8471,31,1
minco,40,2.0000,7.9512,5.8550,1.4075,0.5996,28,1
minco,41,4.0000,8.3111,6.4019,1.4136,1.2885,12,1
minco,42,4.0000,8.0053,5.9028,1.3736,0.4796,61,1
minco,43,0.0000,7.9527,6.1090,1.3657,0.3023,15,1
minco,44,1.0000,7.9443,5.6677,1.4714,0.2830,11,1
minco,45,3.0000,7.9980,5.8598,1.4623,0.3767,8,1
minco,46,1.0000,7.6048,5.5712,1.3989,0.3793,6,1
minco,47,4.0000,7.9775,5.9000,1.4389,0.8653,8,1
minco,48,3.0000,8.2180,6.1920,1.4622,1.3955,8,1
minco,49,4.0000,8.2392,6.0685,1.4124,1.0882,16,1
minco,50,3.0000,8.0859,5.9652,1.4141,0.8053,9,1
minco,51,1.0000,8.7615,7.2975,1.4649,1.4783,8,1
minco,52,0.0000,9.0428,6.5286,1.4561,0.7418,6,1
minco,53,1.0000,8.4597,6.3004,1.4831,1.8331,7,1
minco,54,3.0000,7.9979,5.7753,1.4758,0.4589,19,1
minco,55,0.0000,7.5672,5.5727,1.4090,0.4957,8,1
minco,56,1.0000,7.4960,5.5384,1.3701,0.1343,38,1
minco,57,3.0000,7.9065,5.8655,1.3697,0.3577,45,1
minco,58,2.0000,8.0468,5.9315,1.3773,0.4697,31,1
minco,59,3.0000,8.7099,6.3767,1.4354,0.7507,14,1
minco,60,1.0000,7.6760,5.6768,1.4270,0.3409,19,1
minco,61,1.0000,7.5797,5.5920,1.3719,0.2286,35,1
minco,62,2.0000,7.5709,5.5579,1.3827,0.3571,9,1
minco,63,3.0000,8.0240,6.0259,1.4033,1.2492,12,1
minco,64,3.0000,7.7495,5.7981,1.4054,0.7590,49,1
minco,65,2.0000,8.6033,6.3931,1.4208,0.9970,8,1
minco,66,3.0000,8.3295,6.1155,1.4104,1.1836,9,1
minco,67,0.0000,8.0819,6.0020,1.4257,1.1595,45,1
minco,68,6.0000,8.4326,6.3561,1.4478,0.7653,55,1
minco,69,2.0000,8.1083,6.0629,1.4227,0.7761,42,1
minco,70,4.0000,8.0671,6.2083,1.4570,0.8242,7,1
minco,71,0.0000,7.4686,5.9133,1.4555,0.8395,20,1
minco,72,0.0000,5.8922,4.8915,1.4183,0.1381,7,1
minco,73,0.0000,4.3702,3.7588,1.4166,0.1443,7,1
minco,74,0.0000,2.8497,2.6588,1.4248,0.0994,7,1
minco,75,1.0000,8.1154,6.0654,1.3934,0.8945,34,1
minco,76,4.0000,8.0775,6.1312,1.3880,1.5314,8,1
minco,77,6.0000,7.7320,6.1863,1.4091,2.2760,50,1
minco,78,4.0000,7.9594,5.8360,1.4045,0.5745,10,1
minco,79,1.0000,8.0188,6.0637,1.4781,1.0209,18,1
minco,80,3.0000,10.1440,7.7547,1.4375,2.6726,31,1
minco,81,1.0000,7.8404,5.6991,1.4320,0.6484,8,1
minco,82,0.0000,8.3379,6.1941,1.3834,1.1162,34,1
minco,83,1.0000,9.1718,6.7873,1.3849,0.6864,30,1
minco,84,1.0000,9.3177,6.9159,1.4103,0.9676,22,1
minco,85,5.0000,8.0927,6.1263,1.3973,0.9905,43,1
minco,86,3.0000,8.1089,6.0046,1.3976,1.3652,8,1
minco,87,1.0000,7.9638,5.8194,1.3975,0.4104,7,1
minco,88,0.0000,7.8631,6.0576,1.3895,0.3622,16,1
minco,89,1.0000,8.6414,6.4496,1.3945,0.9044,18,1
minco,90,2.0000,8.2840,6.1019,1.3749,0.7048,22,1
minco,91,3.0000,8.6869,6.4149,1.4359,0.8544,43,1
minco,92,4.0000,8.2847,6.1775,1.4347,0.8743,36,1
minco,93,3.0000,7.8573,5.7884,1.4102,0.9609,42,1
minco,94,1.0000,7.6653,5.7130,1.4161,0.4970,13,1
minco,95,5.0000,7.9647,5.7097,1.4578,0.9528,44,1
minco,96,6.0000,7.9306,6.2176,1.4103,2.4457,27,1
minco,97,3.0000,8.3440,6.3871,1.4186,0.6209,60,1
minco,98,4.0000,8.0777,5.9912,1.4174,0.9042,47,1
minco,99,2.0000,8.5533,6.3078,1.4514,1.1942,8,1
minco,100,2.0000,9.4840,6.9902,1.4199,1.4140,33,1
minco,101,4.0000,8.3766,6.0644,1.4441,0.8400,16,1
minco,102,2.0000,8.3392,6.1596,1.4300,0.8860,34,1
minco,103,3.0000,8.2978,6.0606,1.4112,1.0180,33,1
minco,104,4.0000,8.3306,6.3119,1.4339,1.0939,53,1
minco,105,1.0000,10.1305,7.7887,1.4074,1.3277,42,1
minco,106,0.0000,9.8145,7.4479,1.4374,0.9363,49,1
minco,107,3.0000,8.7856,6.7675,1.4568,0.8722,19,1
minco,108,3.0000,7.7144,6.0178,1.4475,0.8301,7,1
minco,109,0.0000,6.2504,5.1188,1.4169,0.3100,22,1
minco,110,0.0000,4.7295,3.9454,1.3968,0.0837,10,1
minco,111,0.0000,1.1997,2.2976,1.3618,96.5852,16,1
minco,1,2.0000,7.7191,6.3296,1.3549,0.0000,30,1
minco,2,2.0000,7.7191,6.3296,1.3549,0.0000,30,1
minco,3,1.0000,7.6988,6.8516,1.3685,0.0000,27,1
minco,4,2.0000,8.3841,6.3921,1.3656,1.1055,46,1
minco,5,3.0000,8.2009,6.0518,1.4015,0.6318,33,1
minco,6,6.0000,9.0136,8.0682,1.3884,18.7900,47,1
minco,7,3.0000,10.7288,8.6988,1.4678,1.9692,30,1
minco,8,6.0000,8.7961,7.0019,1.4671,1.2371,8,1
minco,9,2.0000,8.3427,6.6186,1.4086,1.1706,16,1
minco,10,2.0000,8.3122,6.8819,1.3897,0.8432,32,1
minco,11,0.0000,7.7012,6.3440,1.3776,0.8126,6,1
minco,12,1.0000,6.1215,5.1996,1.3641,0.5978,6,1
minco,13,0.0000,4.4120,3.9110,1.3611,0.6428,11,1
minco,14,0.0000,2.8440,2.7313,1.3671,0.3673,6,1
minco,15,4.0000,8.2250,7.2182,1.3713,35.8704,10,1
minco,16,5.0000,8.2250,7.2182,1.3713,35.8704,10,1
minco,17,0.0000,7.7959,6.9453,1.3573,0.5903,23,1
minco,18,1.0000,7.7590,5.8222,1.3503,0.5775,19,1
minco,19,1.0000,7.6835,5.7682,1.3485,0.5656,7,1
minco,20,1.0000,7.6024,5.7198,1.3486,0.5613,7,1
minco,22,4.0000,8.1330,7.0837,1.4474,7.6261,16,1
minco,23,2.0000,7.7737,6.0380,1.4929,5.3161,10,1
minco,24,1.0000,7.7201,6.8917,1.4539,0.4373,20,1
minco,25,0.0000,7.6815,6.8667,1.3639,0.1370,20,1
minco,26,2.0000,7.9417,5.8518,1.4340,0.7047,13,1
minco,27,2.0000,8.1965,6.1394,1.4269,0.9716,28,1
minco,28,1.0000,7.8591,7.0025,1.3707,0.6258,24,1
minco,29,1.0000,7.7950,5.8425,1.3614,0.3266,23,1
minco,30,1.0000,7.7718,6.9285,1.3562,0.1317,24,1
minco,31,2.0000,7.7583,5.8218,1.3553,0.0216,24,1
minco,32,1.0000,7.7166,6.9135,1.3484,0.0100,25,1
minco,33,3.0000,8.1295,6.0499,1.3905,0.3999,68,1
minco,34,2.0000,9.1991,6.9900,1.3649,0.6941,7,1
minco,35,2.0000,9.2988,7.1473,1.3939,0.5716,75,1
minco,36,1.0000,8.3909,6.2969,1.3727,0.4611,15,1
minco,37,1.0000,7.9631,5.9935,1.3442,0.4703,7,1
minco,38,5.0000,7.6372,5.6538,1.4030,0.4796,22,1
minco,39,7.0000,7.9957,5.9197,1.4023,0.8344,36,1
minco,40,0.0000,7.7565,5.8527,1.3843,0.7466,10,1
minco,41,8.0000,7.6043,5.6817,1.3988,0.3890,61,1
minco,42,4.0000,7.9595,6.3602,1.4291,2.5149,50,1
minco,43,3.0000,8.1266,6.2510,1.4933,0.8351,10,1
minco,44,1.0000,8.9471,6.9825,1.4147,1.2531,43,1
minco,45,4.0000,8.3454,6.3280,1.4018,0.7962,14,1
minco,46,1.0000,7.8241,5.9108,1.3402,0.7033,10,1
minco,47,3.0000,9.2088,7.0595,1.3957,0.8570,35,1
minco,48,3.0000,8.6605,6.4730,1.4112,0.7048,9,1
minco,49,6.0000,8.1687,6.5890,1.4213,1.5511,11,1
minco,50,1.0000,8.0531,6.6991,1.4048,0.8682,15,1
minco,51,1.0000,7.7690,6.3651,1.3642,0.6789,37,1
minco,52,1.0000,6.4143,5.4187,1.3627,0.3260,30,1
minco,53,0.0000,4.8879,4.1839,1.3577,0.0640,8,1
minco,54,0.0000,3.2454,3.0590,1.3701,0.0286,28,1
minco,1,1.0000,7.4875,6.5549,1.3208,0.0000,29,1
minco,2,1.0000,8.2195,9.6085,1.3517,6.7923,64,1
minco,3,6.0000,7.6301,7.3956,1.4058,6.5114,33,1
minco,4,2.0000,8.3968,7.6311,1.4015,7.5375,18,1
minco,5,6.0000,8.4711,8.5286,1.5308,5.0110,12,1
minco,6,5.0000,8.1849,7.4581,1.3368,1.1281,54,1
minco,7,2.0000,8.6244,7.6197,1.3511,4.0174,52,1
minco,8,3.0000,9.9425,8.9702,1.3645,4.1989,50,1
minco,9,6.0000,8.6414,8.1189,1.3591,46.4476,56,1
minco,10,6.0000,7.8008,5.8269,1.4232,1.8077,57,1
minco,11,2.0000,9.0398,7.2994,1.4058,2.2539,14,1
minco,12,1.0000,8.8080,7.3058,1.3954,1.5097,12,1
minco,13,1.0000,8.0149,6.5155,1.3238,1.6251,7,1
minco,14,1.0000,7.7491,7.2132,1.3013,0.2988,22,1
minco,15,2.0000,8.9978,7.1370,1.3547,1.4069,58,1
minco,16,1.0000,8.8291,7.1998,1.3521,0.9415,43,1
minco,17,3.0000,8.0561,9.3731,1.3350,1.9234,78,1
minco,18,2.0000,8.1238,6.4632,1.4020,2.1197,44,1
minco,19,2.0000,7.5679,5.8119,1.3169,1.0712,25,1
minco,20,1.0000,7.5051,7.0688,1.3164,0.1212,24,1
minco,21,2.0000,7.8460,6.0364,1.3136,0.1008,48,1
minco,22,7.0000,7.9216,6.8806,1.4034,1.2839,41,1
minco,23,4.0000,9.0711,7.8022,1.4104,1.3469,55,1
minco,24,4.0000,8.8042,9.0128,1.3574,2.8148,9,1
minco,25,5.0000,9.6084,7.7519,1.3748,1.4458,53,1
minco,26,2.0000,8.6427,6.5212,1.4008,0.8348,24,1
minco,27,4.0000,8.9172,6.8266,1.4436,1.3204,7,1
minco,28,5.0000,7.9925,6.4522,1.4403,1.7554,8,1
minco,29,3.0000,8.4194,7.2806,1.4239,1.2124,47,1
minco,30,3.0000,8.7735,11.2608,1.3855,8.1985,10,1
minco,31,1.0000,7.7230,6.0655,1.3231,1.1553,40,1
minco,32,6.0000,8.1586,6.0836,1.4263,0.5122,9,1
minco,33,1.0000,8.4181,7.4969,1.5899,2.0545,36,1
minco,34,4.0000,8.1689,6.5376,1.4477,1.6614,45,1
minco,35,4.0000,8.1637,6.1422,1.4670,0.7675,8,1
minco,36,5.0000,8.3261,8.0103,1.4037,2.3976,34,1
minco,37,1.0000,7.7409,6.1016,1.3197,0.8491,28,1
minco,38,2.0000,7.6066,6.0862,1.3189,0.1604,38,1
minco,39,1.0000,7.2373,6.5920,1.3207,0.1299,32,1
minco,40,0.0000,5.7217,5.4141,1.3210,0.0802,7,1
minco,41,0.0000,4.2000,4.1600,1.3203,0.0096,8,1
minco,42,0.0000,2.6779,2.9269,1.3222,0.0024,10,1
minco,43,0.0000,0.9956,2.3059,1.3193,109.1779,8,1
minco,1,0.0000,7.7100,6.9419,1.3142,0.0000,37,1
minco,2,1.0000,7.7100,6.9419,1.3142,0.0000,37,1
minco,3,2.0000,7.6850,5.9071,1.3106,0.0000,43,1
minco,4,6.0000,8.7840,8.6975,1.3611,20.2873,74,1
minco,5,5.0000,8.5336,7.8210,1.3502,2.3156,9,1
minco,6,4.0000,8.8392,7.7186,1.3640,6.6744,23,1
minco,7,11.0000,8.7305,7.4430,1.4058,31.6175,63,1
minco,8,1.0000,4.2608,4.3882,1.3214,0.7663,24,1
minco,9,0.0000,2.6640,3.0281,1.3217,0.3760,12,1
minco,1,4.0000,9.1861,7.7119,1.4755,18.2726,16,1
minco,2,3.0000,7.9684,6.2304,1.4075,8.3796,30,1
minco,3,3.0000,8.3449,6.1674,1.4049,1.1483,37,1
minco,4,1.0000,8.3122,6.3854,1.4346,1.7311,44,1
minco,5,1.0000,8.4186,6.4765,1.4470,1.7891,9,1
minco,6,2.0000,8.5446,6.6051,1.4361,2.1264,57,1
minco,7,2.0000,9.0102,6.6872,1.4910,1.2467,8,1
minco,8,3.0000,8.7575,6.5262,1.4660,1.3284,11,1
minco,9,2.0000,8.9110,6.5669,1.4868,1.4763,28,1
minco,10,1.0000,8.9709,6.6476,1.4253,1.2878,18,1
minco,11,2.0000,8.1580,6.0111,1.4144,1.0811,6,1
minco,12,2.0000,7.9064,5.8260,1.4269,0.6061,10,1
minco,13,4.0000,7.6851,5.5369,1.4265,0.5844,6,1
minco,14,3.0000,9.3450,7.0969,1.4670,2.6422,12,1
minco,15,1.0000,8.8558,6.6205,1.4402,1.6867,10,1
minco,16,2.0000,8.5227,6.2319,1.4514,0.7095,16,1
minco,17,1.0000,7.9570,5.8352,1.4483,0.3898,6,1
minco,18,2.0000,7.8746,5.7571,1.4392,0.7778,20,1
minco,19,2.0000,8.2841,6.1034,1.4106,0.7055,18,1
minco,20,0.0000,8.1201,5.9824,1.3831,0.4815,31,1
minco,21,1.0000,7.7009,5.6921,1.3786,0.4790,8,1
minco,22,1.0000,8.3932,6.2216,1.3990,1.0090,18,1
minco,23,2.0000,8.8623,6.5444,1.3931,0.6635,21,1
minco,24,1.0000,8.3575,6.1592,1.3784,0.4000,7,1
minco,25,1.0000,8.0358,5.9763,1.3907,0.9921,28,1
minco,26,2.0000,7.9814,5.9275,1.3967,0.6120,43,1
minco,27,2.0000,7.8197,5.8248,1.3782,0.6237,20,1
minco,28,4.0000,8.6090,6.3236,1.4583,1.3187,19,1
minco,29,3.0000,8.2252,6.2855,1.3885,1.4392,33,1
minco,30,1.0000,8.0912,5.9089,1.4171,0.7691,9,1
minco,31,4.0000,8.2192,6.1784,1.4427,1.7889,14,1
minco,32,3.0000,8.6085,6.3876,1.4331,0.8961,21,1
minco,33,2.0000,8.4542,6.3276,1.4133,0.9818,34,1
minco,34,2.0000,8.3864,6.3300,1.4337,0.9180,21,1
minco,35,1.0000,7.6404,6.1444,1.3966,0.8601,21,1
minco,36,1.0000,6.4009,5.2352,1.4186,0.0738,28,1
minco,37,0.0000,4.8852,4.0680,1.3995,0.0271,11,1
minco,38,0.0000,3.3676,2.9392,1.3934,0.0121,7,1
minco,39,1.0000,7.6946,6.2560,1.3884,1.2810,22,1
minco,40,1.0000,8.3856,6.2454,1.4033,0.9068,26,1
minco,41,4.0000,8.2335,6.1016,1.4511,1.1834,15,1
minco,42,3.0000,8.2437,6.7336,1.4141,1.8483,13,1
minco,43,3.0000,8.3380,6.3704,1.4102,1.5294,38,1
minco,44,4.0000,7.9298,5.9969,1.4587,1.6126,11,1
minco,45,2.0000,8.1420,6.3782,1.4912,1.6106,38,1
minco,46,3.0000,7.8391,5.8475,1.4738,0.7906,51,1
minco,47,2.0000,8.0511,5.8210,1.4350,0.5324,20,1
minco,48,3.0000,8.2492,6.1969,1.4429,0.8946,8,1
minco,49,4.0000,8.2562,6.0480,1.4208,1.2163,9,1
minco,50,1.0000,8.2681,6.0042,1.4269,1.0874,7,1
minco,51,2.0000,8.9558,6.5358,1.4312,0.7845,19,1
minco,52,0.0000,9.8890,7.4491,1.4364,1.3801,17,1
minco,53,3.0000,8.0532,5.8309,1.4374,0.4224,18,1
minco,54,2.0000,8.5735,6.3610,1.4187,0.9999,20,1
minco,55,3.0000,8.2226,6.1144,1.3770,0.5518,33,1
minco,56,2.0000,7.9510,5.8714,1.3821,0.6365,35,1
minco,57,1.0000,7.8381,5.7776,1.3818,0.1935,37,1
minco,58,1.0000,8.2936,6.1444,1.4109,0.8346,35,1
minco,59,2.0000,7.8208,5.7448,1.3864,0.3589,38,1
minco,60,2.0000,7.9515,5.8425,1.3951,0.5390,39,1
minco,61,5.0000,8.3405,6.3082,1.4034,0.9533,8,1
minco,62,4.0000,9.9642,7.4988,1.4670,2.4776,21,1
minco,63,2.0000,9.1018,6.6447,1.4663,0.9827,17,1
minco,64,0.0000,8.8235,6.5909,1.4076,1.3280,16,1
minco,65,4.0000,8.3866,6.3141,1.4321,0.7913,8,1
minco,66,5.0000,7.9838,6.0623,1.4126,0.8685,39,1
minco,67,1.0000,7.7966,5.7548,1.3800,0.4509,25,1
minco,68,4.0000,8.1036,6.0229,1.4289,1.3250,11,1
minco,69,5.0000,9.1110,6.8874,1.4462,0.9791,47,1
minco,70,1.0000,9.5881,7.3210,1.3920,2.9351,17,1
minco,71,2.0000,9.0872,6.8500,1.4424,2.0524,19,1
minco,72,2.0000,8.9518,6.7336,1.4382,1.3821,34,1
minco,73,4.0000,8.6158,6.3007,1.4383,0.6093,37,1
minco,74,4.0000,8.2821,5.9942,1.4538,0.5807,26,1
minco,75,3.0000,7.8468,5.8471,1.4160,0.9826,25,1
minco,76,3.0000,7.8753,5.7034,1.4435,0.9766,13,1
minco,77,0.0000,7.9821,5.9529,1.4240,0.5284,19,1
minco,78,1.0000,7.6395,6.0570,1.3669,0.2246,16,1
minco,79,0.0000,7.0064,5.6565,1.4053,0.2559,26,1
minco,80,0.0000,5.4757,4.5501,1.4241,0.0775,6,1
minco,81,0.0000,3.9564,3.4109,1.4137,0.0729,7,1
minco,82,0.0000,2.4329,2.2938,1.4105,0.0557,8,1
minco,83,1.0000,2.7174,2.5221,1.4221,0.1356,13,1
minco,1,0.0000,7.4977,5.8873,1.4489,0.4800,14,1
minco,2,1.0000,8.1518,5.9734,1.4226,0.7048,24,1
minco,3,3.0000,8.0350,6.1152,1.4240,0.5045,8,1
minco,4,2.0000,9.2204,6.7613,1.4418,1.2722,8,1
minco,5,2.0000,8.4950,6.0932,1.4386,0.5122,10,1
minco,6,0.0000,8.0295,5.8738,1.4071,0.4572,7,1
minco,7,1.0000,8.1967,5.9181,1.4299,0.4912,9,1
minco,8,3.0000,8.2185,6.0637,1.4273,0.7879,50,1
minco,9,3.0000,9.5644,7.1293,1.4618,1.3887,8,1
minco,10,2.0000,8.7892,6.3343,1.4566,0.9318,22,1
minco,11,1.0000,8.4584,6.1788,1.4304,1.0267,12,1
minco,12,3.0000,8.3476,6.0529,1.4385,1.0216,10,1
minco,13,3.0000,7.8975,5.7695,1.4361,0.9608,20,1
minco,14,2.0000,7.9802,5.8798,1.4427,0.6226,6,1
minco,15,1.0000,8.0192,5.8956,1.4078,0.7523,35,1
minco,16,1.0000,7.7436,5.6606,1.3923,0.6676,32,1
minco,17,1.0000,8.3340,6.1349,1.4042,0.8724,27,1
minco,18,2.0000,7.9673,5.8006,1.4235,0.5752,11,1
minco,19,1.0000,8.4778,6.1638,1.4174,0.5002,10,1
minco,20,3.0000,8.7807,6.4811,1.4085,0.7121,44,1
minco,21,0.0000,7.8504,5.7596,1.3942,0.7571,16,1
minco,22,2.0000,9.8862,7.4045,1.5006,2.5350,10,1
minco,23,1.0000,9.4915,6.9184,1.4982,0.7001,31,1
minco,24,0.0000,8.2571,6.0337,1.4037,0.3998,7,1
minco,25,0.0000,7.6580,5.7101,1.4159,0.8416,8,1
minco,26,2.0000,9.0467,6.6751,1.4982,1.2295,14,1
minco,27,3.0000,8.2662,5.9582,1.5038,1.0978,8,1
minco,28,2.0000,7.8694,5.7925,1.3964,0.9597,28,1
minco,29,0.0000,7.8345,5.6955,1.4496,0.9502,13,1
minco,30,3.0000,7.8490,5.9357,1.4472,0.8242,16,1
minco,31,1.0000,7.8181,5.7541,1.4365,0.5704,14,1
minco,32,2.0000,7.9236,5.8254,1.4379,0.6615,19,1
minco,33,2.0000,7.9586,6.2337,1.4219,0.5720,33,1
minco,34,0.0000,7.8700,6.2161,1.4209,0.6940,6,1
minco,35,0.0000,7.7998,6.1348,1.4169,0.5178,15,1
minco,37,0.0000,7.8417,6.5632,1.4541,26.4460,12,1
minco,38,1.0000,6.5058,5.2870,1.4300,0.7198,24,1
minco,39,0.0000,4.9748,4.1003,1.4136,0.1389,11,1
minco,40,0.0000,3.4508,2.9790,1.4084,0.0633,7,1
minco,41,1.0000,7.6605,6.0976,1.4144,0.0000,23,1
minco,42,2.0000,7.6601,5.6309,1.3827,0.0000,29,1
minco,43,1.0000,8.0973,5.9407,1.4129,0.6181,32,1
minco,44,2.0000,7.7402,5.6453,1.4023,0.4037,25,1
minco,45,1.0000,7.5728,5.4479,1.4351,0.4215,14,1
minco,46,4.0000,7.9541,5.8863,1.4481,0.7585,8,1
minco,47,0.0000,8.0585,5.8280,1.4685,1.1447,12,1
minco,48,5.0000,8.2094,6.1710,1.4385,2.0917,36,1
minco,49,2.0000,8.0785,5.9083,1.3995,0.5946,32,1
minco,50,5.0000,7.6273,5.6949,1.3953,0.4405,45,1
minco,51,0.0000,7.8256,5.8064,1.4537,1.7653,13,1
minco,52,3.0000,7.8041,5.6595,1.4118,0.2490,8,1
minco,53,0.0000,7.8112,5.6716,1.4229,0.3948,9,1
minco,54,2.0000,8.0644,5.9917,1.4588,0.8968,57,1
minco,55,2.0000,7.7657,5.5739,1.4328,0.4879,16,1
minco,56,2.0000,7.7205,5.5646,1.4313,0.4818,11,1
minco,57,1.0000,7.6410,5.5609,1.4220,0.5793,14,1
minco,58,1.0000,8.4037,6.1457,1.4107,0.7817,28,1
minco,59,1.0000,9.0312,6.6320,1.4313,0.8861,22,1
minco,60,3.0000,7.9291,5.8587,1.4047,0.6710,37,1
minco,61,2.0000,8.0883,5.9193,1.4417,1.1891,16,1
minco,62,3.0000,7.9239,5.7054,1.4210,0.5960,9,1
minco,63,2.0000,8.2244,6.0592,1.4141,0.4545,40,1
minco,64,1.0000,8.5909,6.2566,1.4197,0.6775,17,1
minco,65,0.0000,8.0066,5.8582,1.4054,0.4954,13,1
minco,66,2.0000,8.2863,6.3076,1.3949,0.8369,9,1
minco,67,3.0000,9.1577,6.8581,1.4413,1.1294,15,1
minco,68,2.0000,8.4614,6.1938,1.4311,1.2874,18,1
minco,69,2.0000,8.6637,6.3048,1.4398,0.7628,8,1
minco,70,2.0000,10.3324,7.5132,1.4444,1.1605,27,1
minco,71,4.0000,7.8639,6.0399,1.4309,2.9142,52,1
minco,72,4.0000,7.8487,6.0953,1.4039,0.2849,83,1
minco,74,2.0000,8.3145,6.4519,1.5033,44.8457,8,1
minco,75,3.0000,8.5616,6.7594,1.4725,45.9388,29,1
minco,76,2.0000,8.3311,6.4582,1.5010,29.1430,17,1
minco,77,1.0000,8.9273,7.1936,1.4507,51.1944,23,1
minco,78,1.0000,9.0495,7.1285,1.4697,37.5920,37,1
minco,79,1.0000,9.5695,7.0590,1.4064,1.0616,20,1
minco,80,1.0000,9.0552,6.7287,1.4540,1.2320,7,1
minco,81,4.0000,8.2190,6.4310,1.4249,1.3515,65,1
minco,82,1.0000,9.7840,7.3027,1.4281,0.8163,54,1
minco,83,2.0000,11.3231,9.0602,1.4381,54.5638,22,1
minco,84,0.0000,7.9506,5.9016,1.4013,0.8691,8,1
minco,85,1.0000,7.8262,6.1329,1.3974,1.3807,30,1
minco,86,0.0000,6.4770,5.2783,1.4357,0.4000,22,1
minco,87,1.0000,5.7224,4.6750,1.4429,0.3856,31,1
minco,88,0.0000,4.1952,3.5650,1.4429,0.0189,7,1
minco,89,1.0000,0.0016,0.1299,0.0324,0.0000,33,1
minco,90,0.0000,0.0081,0.2973,0.0578,0.0000,27,1
minco,91,1.0000,0.0035,0.1852,0.0525,0.0000,24,1
minco,92,0.0000,0.0012,0.1352,0.0171,0.0000,22,1
minco,93,1.0000,0.0060,0.2627,0.0523,0.0000,26,1
minco,94,0.0000,0.0055,0.2445,0.0563,0.0000,28,1
minco,95,0.0000,0.0030,0.1976,0.0299,0.0000,18,1
minco,96,1.0000,0.0060,0.2573,0.0572,0.0000,27,1
minco,97,1.0000,0.0035,0.2094,0.0306,0.0000,21,1
minco,98,0.0000,0.0055,0.2425,0.0570,0.0000,24,1
minco,99,0.0000,0.0030,0.1956,0.0308,0.0000,18,1
minco,100,0.0000,0.0062,0.2611,0.0573,0.0000,26,1
minco,101,1.0000,0.0036,0.2122,0.0302,0.0000,21,1
minco,102,1.0000,0.0053,0.2376,0.0570,0.0000,26,1
minco,103,0.0000,0.0027,0.1896,0.0288,0.0000,16,1
minco,104,1.0000,0.0062,0.2623,0.0569,0.0000,22,1
minco,105,0.0000,0.0036,0.2133,0.0295,0.0000,19,1
minco,106,1.0000,0.0052,0.2348,0.0569,0.0000,27,1
minco,107,0.0000,0.0025,0.1848,0.0276,0.0000,19,1
minco,108,0.0000,0.0063,0.2634,0.0566,0.0000,25,1
minco,109,0.0000,0.0062,0.2628,0.0556,0.0000,20,1
minco,110,0.0000,0.0061,0.2598,0.0557,0.0000,25,1
minco,111,0.0000,0.0063,0.2640,0.0561,0.0000,23,1
minco,112,0.0000,0.0061,0.2609,0.0557,0.0000,25,1
minco,113,0.0000,0.0061,0.2622,0.0556,0.0000,22,1
minco,114,0.0000,0.0063,0.2618,0.0562,0.0000,22,1
minco,115,1.0000,0.0061,0.2604,0.0555,0.0000,23,1
minco,116,3.0000,4.9479,4.7994,1.5990,53.8153,17,1
minco,118,0.0000,2.1421,2.6109,1.5162,0.1614,13,1
minco,119,0.0000,2.1421,2.6109,1.5162,0.1614,13,1
